adult,backdrop_path,genre_ids,id,original_language,original_title,overview,popularity,poster_path,release_date,title,video,vote_average,vote_count
False,/8rpDcsfLJypbO6vREc0547VKqEv.jpg,"[878, 12, 28]",76600,en,Avatar: The Way of Water,"Set more than a decade after the events of the first film, learn the story of the Sully family (Jake, Neytiri, and their kids), the trouble that follows them, the lengths they go to keep each other safe, the battles they fight to stay alive, and the tragedies they endure.",5065.316,/t6HIqrRAclMCA60NsSmeqe9RmNV.jpg,2022-12-14,Avatar: The Way of Water,False,7.7,7674
False,/nDmPjKLqLwWyd4Ssti8HCdhW5cZ.jpg,[28],1048300,en,Adrenaline,A female FBI agent holidaying in Eastern Europe with her family gets her life upside down when her daughter is kidnapped. She has to team up with a criminal on the run to save her daughter before time runs out.,2153.919,/qVzRt8c2v4gGBYsnaflXVVeQ9Lh.jpg,2022-12-15,Adrenaline,False,5.5,16
False,/ouB7hwclG7QI3INoYJHaZL4vOaa.jpg,"[16, 10751, 14, 12, 35, 18]",315162,en,Puss in Boots: The Last Wish,"Puss in Boots discovers that his passion for adventure has taken its toll: He has burned through eight of his nine lives, leaving him with only one life left. Puss sets out on an epic journey to find the mythical Last Wish and restore his nine lives.",2012.834,/kuf6dutpsT0vSVehic3EZIqkOBt.jpg,2022-12-07,Puss in Boots: The Last Wish,False,8.3,5389
False,/54IXMMEQKlkPXHqPExWy98UBmtE.jpg,[27],1008005,es,La niña de la comunión,"Spain, late 1980s. Newcomer Sara tries to fit in with the other teens in this tight-knit small town in the province of Tarragona. If only she were more like her extroverted best friend, Rebe. They go out one night at a nightclub, on the way home, they come upon a little girl holding a doll, dressed for her first communion. And that's when the nightmare begins.",1875.354,/sP6AO11a7jWgsmT9T8j9EGIWAaZ.jpg,2023-02-10,The Communion Girl,False,6.5,64
False,/tFaC1Fb1sv1dALB0i9Avi76MHmn.jpg,"[10751, 28, 12]",946310,nl,De Piraten van Hiernaast II: De Ninja's van de Overkant,"The pirates feel right at home in Sandborough, but the atmosphere cools right down when the ninjas come to live in the street. After all, pirates and ninjas are sworn enemies!  While pirate captain Hector Blunderbuss struggles to get rid of his new neighbours, son Billy and ninja daughter Yuka become friends. The pirates challenge the ninjas to the ultimate battle at the village's annual hexathlon. Who will win the match? Ninjas are faster and more agile of course, but pirates are the best cheats in all of the seven seas...",1770.166,/uDsvma9dAwnDPVuCFi99YpWvBk0.jpg,2022-04-20,Pirates Down the Street II: The Ninjas from Across,False,6.3,30
False,/eNJhWy7xFzR74SYaSJHqJZuroDm.jpg,"[28, 878]",1033219,en,Attack on Titan,"As viable water is depleted on Earth, a mission is sent to Saturn's moon Titan to retrieve sustainable H2O reserves from its alien inhabitants. But just as the humans acquire the precious resource, they are attacked by Titan rebels, who don't trust that the Earthlings will leave in peace.",1379.099,/qNz4l8UgTkD8rlqiKZ556pCJ9iO.jpg,2022-09-30,Attack on Titan,False,6.0,109
False,/m1fgGSLK0WvRpzM1AmZu38m0Tx8.jpg,[28],842945,en,Supercell,"Good-hearted teenager William always lived in hope of following in his late father’s footsteps and becoming a storm chaser. His father’s legacy has now been turned into a storm-chasing tourist business, managed by the greedy and reckless Zane Rogers, who is now using William as the main attraction to lead a group of unsuspecting adventurers deep into the eye of the most dangerous supercell ever seen.",1374.787,/gbGHezV6yrhua0KfAgwrknSOiIY.jpg,2023-03-17,Supercell,False,6.3,134
False,/xDMIl84Qo5Tsu62c9DGWhmPI67A.jpg,"[28, 12, 878]",505642,en,Black Panther: Wakanda Forever,"Queen Ramonda, Shuri, M’Baku, Okoye and the Dora Milaje fight to protect their nation from intervening world powers in the wake of King T’Challa’s death.  As the Wakandans strive to embrace their next chapter, the heroes must band together with the help of War Dog Nakia and Everett Ross and forge a new path for the kingdom of Wakanda.",1203.354,/sv1xJUazXeYqALzczSZ3O6nkH75.jpg,2022-11-09,Black Panther: Wakanda Forever,False,7.3,4688
False,/bQXAqRx2Fgc46uCVWgoPz5L5Dtr.jpg,"[28, 12, 878, 14]",436270,en,Black Adam,"Nearly 5,000 years after he was bestowed with the almighty powers of the Egyptian gods—and imprisoned just as quickly—Black Adam is freed from his earthly tomb, ready to unleash his unique form of justice on the modern world.",1040.446,/pFlaoHTZeyNkG83vxsAJiGzfSsa.jpg,2022-10-19,Black Adam,False,7.1,4808
False,/sp7MPK2K60LLd7A6zjHKsfgjFil.jpg,"[27, 53]",296271,en,The Devil Conspiracy,"The hottest biotech company in the world has discovered they can clone history’s most influential people from the dead. Now, they are auctioning clones of Michelangelo, Galileo, Vivaldi, and others for tens of millions of dollars to the world’s ultra-rich. But when they steal the Shroud of Turin and clone the DNA of Jesus Christ, all hell breaks loose.",961.042,/2lUYbD2C3XSuwqMUbDVDQuz9mqz.jpg,2023-01-13,The Devil Conspiracy,False,6.3,134
False,/2Eewgp7o5AU1xCataDmiIL2nYxd.jpg,"[18, 36]",943822,en,Prizefighter: The Life of Jem Belcher,"At the turn of the 19th century, Pugilism was the sport of kings and a gifted young boxer fought his way to becoming champion of England.",948.439,/x3PIk93PTbxT88ohfeb26L1VpZw.jpg,2022-06-30,Prizefighter: The Life of Jem Belcher,False,6.2,118
False,/u5nY7pY2Y58o7dSM9cy6NclOV8V.jpg,[27],1023313,es,La Exorcista,"Ophelia, a young nun recently arriving in the town of San Ramon, is forced to perform an exorcism on a pregnant woman in danger of dying. Just when she thinks her possession has ended, she discovers that the evil presence hasn't disappeared yet. The director of the award-winning Here Comes the Devil and Late Phases adds a new twist to possession movies in one of this year's Latin American horror surprises.",944.464,/d07xtqwq1uriQ1hda6qeu8Skt5m.jpg,2022-11-02,The Exorcist,False,5.7,71
False,/dlrWhn0G3AtxYUx2D9P2bmzcsvF.jpg,"[878, 27, 35]",536554,en,M3GAN,"A brilliant toy company roboticist uses artificial intelligence to develop M3GAN, a life-like doll programmed to emotionally bond with her newly orphaned niece. But when the doll's programming works too well, she becomes overprotective of her new friend with terrifying results.",932.631,/d9nBoowhjiiYc4FBNtQkPY7c11H.jpg,2022-12-28,M3GAN,False,7.4,2479
False,/1PRWW60yQparK1I8Soyy9Evf7Dv.jpg,"[16, 35, 10751, 18, 12]",869626,en,Marcel the Shell with Shoes On,"Marcel is an adorable one-inch-tall shell who ekes out a colorful existence with his grandmother Connie and their pet lint, Alan. Once part of a sprawling community of shells, they now live alone as the sole survivors of a mysterious tragedy. But when a documentary filmmaker discovers them amongst the clutter of his Airbnb, the short film he posts online brings Marcel millions of passionate fans, as well as unprecedented dangers and a new hope at finding his long-lost family.",891.966,/jaYmP4Ct8YLnxWAW2oYkUjeXtzm.jpg,2022-06-24,Marcel the Shell with Shoes On,False,7.8,249
False,/exI61quYa7xMfcIDSp674UnvrhG.jpg,"[10752, 28]",840326,fi,Sisu,"Deep in the wilderness of Lapland, Aatami Korpi is searching for gold but after he stumbles upon Nazi patrol, a breathtaking and gold-hungry chase through the destroyed and mined Lapland wilderness begins.",826.214,/dHx5yuBb05U9vNaNhIBD7jWyxPk.jpg,2023-01-27,Sisu,False,7.1,25
False,,[53],1076605,es,Cazadora,"In a dystopian future, a mother and her teenage son go hunting in the mountains and encounter a stranger who threatens to upend their relationship.",800.644,/8QxCd3pSSrj6QqaG4fkNkaJmUa.jpg,2023-01-19,Cazadora,False,6.0,17
False,/zGoZB4CboMzY1z4G3nU6BWnMDB2.jpg,"[28, 35, 10749]",758009,en,Shotgun Wedding,"Darcy and Tom gather their families for the ultimate destination wedding but when the entire party is taken hostage, “’Til Death Do Us Part” takes on a whole new meaning in this hilarious, adrenaline-fueled adventure as Darcy and Tom must save their loved ones—if they don’t kill each other first.",700.64,/t79ozwWnwekO0ADIzsFP1E5SkvR.jpg,2022-12-28,Shotgun Wedding,False,6.3,785
False,/70aVSo3fuZ94jyQ3rT64afEf8lV.jpg,"[16, 12, 35, 10751, 14]",676710,en,The Amazing Maurice,"Maurice is a streetwise ginger cat who comes up with a money-making scam by befriending a group of self-taught talking rats. When Maurice and the rodents meet a bookworm called Malicia, their little con soon goes down the drain.",696.464,/ydhZeUjbzVEFclUpMhLfDZSavUY.jpg,2022-12-16,The Amazing Maurice,False,7.0,67
False,/g03h9TULzJZOoXA34Abp5LE7lvt.jpg,"[16, 14, 12]",876792,ja,劇場版 転生したらスライムだった件 紅蓮の絆編,"A long-running conspiracy is swirling over a mysterious power wielded by the Queen in Raja, a small country west of Tempest. When a slime who evolved into a Demon Lord named Rimuru Tempest crosses paths with Hiiro, a survivor of the Ogre race, an incredible adventure packed with new characters begins. The power of bonds will be put to the test!",676.711,/xITip9n9uMAUA0TU6niMXU2tbh0.jpg,2022-11-25,That Time I Got Reincarnated as a Slime the Movie: Scarlet Bond,False,7.6,170
False,/AsEgGeccI32SwMBkxpwhOkhbzmF.jpg,"[28, 878, 53, 27]",1011679,en,Shark Side of the Moon,"Decades ago, the USSR developed unkillable sharks and launched them to the moon. Today, a team of American astronauts will endure the fight of their lives.",606.154,/v5CfpzxoJDkZxjZAizClFdlEF0U.jpg,2022-08-12,Shark Side of the Moon,False,5.3,118
False,/94kQGMiFbs5MUTlt7kj9dewsMDi.jpg,"[27, 53]",676547,en,Prey for the Devil,"In response to a global rise in demonic possessions, the Catholic Church reopens exorcism schools to train priests in the Rite of Exorcism. On this spiritual battlefield, an unlikely warrior rises: a young nun, Sister Ann. Thrust onto the spiritual frontline with fellow student Father Dante, Sister Ann finds herself in a battle for the soul of a young girl and soon realizes the Devil has her right where he wants her.",599.847,/iCvgemXf2Kpr2LvpDmt5J9NhjKM.jpg,2022-10-23,Prey for the Devil,False,7.1,634
False,/9H7oVnG4P75bda0y1t7EGDoPnRD.jpg,"[10752, 28, 12, 53]",964426,no,Gulltransporten,"Fredrik isn’t the bravest of men, but now he is faced with a great responsibility and an enormous task - to get the entire Norwegian gold reserve away from the Nazis during the invasion of Norway.",597.973,/6E4LopmCMUXcMLIv7o3jw1xQrgJ.jpg,2022-12-15,Gold Run,False,6.6,25
False,/2E6pIbJien7B9yWpaz8Yd2njzUI.jpg,"[18, 27]",1026563,es,13 exorcismos,"After participating in a séance, young Laura begins to behave strangely. Alarmed, her parents ask Father Olmedo, one of the few exorcists authorized by the Vatican to intervene in cases of demonic possession, for help.",578.048,/8LpnMIqpRiwxpbGR33ALCmVl7gj.jpg,2022-11-04,13 Exorcisms,False,5.5,63
False,/hlxduUs8y9icWGMzYCDLcYHEQ2u.jpg,[53],985939,en,Fall,"For best friends Becky and Hunter, life is all about conquering fears and pushing limits. But after they climb 2,000 feet to the top of a remote, abandoned radio tower, they find themselves stranded with no way down. Now Becky and Hunter’s expert climbing skills will be put to the ultimate test as they desperately fight to survive the elements, a lack of supplies, and vertigo-inducing heights",564.092,/v28T5F1IygM8vXWZIycfNEm3xcL.jpg,2022-08-11,Fall,False,7.3,2777
False,/7cjY1IIrW1RwmHN8USPryKTAQHq.jpg,[27],988165,en,H.P. Lovecraft's Witch House,"Determined to prove the possibility of alternate dimensions, a graduate student unknowingly unlocks a gateway to unimaginable horror. Based on the H.P. Lovecraft's short story The Dreams in the Witch House.",537.483,/5KmscR49WkmuPJKjmK4OUmsRn5C.jpg,2022-06-29,H.P. Lovecraft's Witch House,False,5.8,12
False,/53BC9F2tpZnsGno2cLhzvGprDYS.jpg,"[14, 28, 12, 53]",736526,no,Troll,"Deep inside the mountain of Dovre, something gigantic awakens after being trapped for a thousand years. Destroying everything in its path, the creature is fast approaching the capital of Norway. But how do you stop something you thought only existed in Norwegian folklore?",531.048,/9z4jRr43JdtU66P0iy8h18OyLql.jpg,2022-12-01,Troll,False,6.7,1365
False,/oO5pgJyPRaR0FgOhkeCNvb8K8ix.jpg,[27],1104191,es,Solo Somos Carne,"A regular day for Bans and Uzu, little did they know a series of events would bring them face to face with an alternate reality and their chance to confront Dixon, a disturbed psychopath with blood on his hands and demons in his mind.",528.535,/9eVqMhZEbq53VFbmRNqh3yzT0xM.jpg,2022-10-13,Solo Somos Carne,False,7.2,6
False,/d0u1zrbOZJYQZzXYhrG7RhARxSI.jpg,"[53, 9648]",993621,en,The Stranger in Our Bed,A newly married woman leaves her wealthy husband for a lover who mysteriously disappears. Things start to unravel and become life-threatening on a trip to the husband's family estate.,492.249,/9bX57QlmpI1DcWLkggGmg5guqJx.jpg,2022-08-26,The Stranger in Our Bed,False,6.3,24
False,,"[35, 28]",1090328,es,La Trampa,,489.991,/nXhPTEIEDxekCZg9DwZQNshZ432.jpg,2022-08-11,La Trampa,False,6.6,7
False,/ve3RLbCSuUKA02OZJ5F0fMmXVMn.jpg,"[27, 53]",829410,en,Sick,"In the midst of the pandemic, college student Parker and her best friend Miri decide to self-quarantine at her family's lake house, where they will be alone — or so they think.",484.794,/nBgxSimgLMGYCQckRQw7C2f7row.jpg,2022-09-11,Sick,False,6.3,130
False,/7ZO9yoEU2fAHKhmJWfAc2QIPWJg.jpg,"[53, 28, 878]",766507,en,Prey,"When danger threatens her camp, the fierce and highly skilled Comanche warrior Naru sets out to protect her people. But the prey she stalks turns out to be a highly evolved alien predator with a technically advanced arsenal.",476.131,/ujr5pztc1oitbe7ViMUOilFaJ7s.jpg,2022-08-02,Prey,False,7.8,5424
False,/14QbnygCuTO0vl7CAFmPf1fgZfV.jpg,"[28, 12, 878]",634649,en,Spider-Man: No Way Home,"Peter Parker is unmasked and no longer able to separate his normal life from the high-stakes of being a super-hero. When he asks for help from Doctor Strange the stakes become even more dangerous, forcing him to discover what it truly means to be Spider-Man.",463.198,/uJYYizSuA9Y3DCs0qS4qWvHfZg4.jpg,2021-12-15,Spider-Man: No Way Home,False,8.0,17262
False,/AaV1YIdWKnjAIAOe8UUKBFm327v.jpg,"[28, 18]",361743,en,Top Gun: Maverick,"After more than thirty years of service as one of the Navy’s top aviators, and dodging the advancement in rank that would ground him, Pete “Maverick” Mitchell finds himself training a detachment of TOP GUN graduates for a specialized mission the likes of which no living pilot has ever seen.",460.665,/62HCnUTziyWcpDaBO2i1DX17ljH.jpg,2022-05-24,Top Gun: Maverick,False,8.3,6714
False,/ifUfE79O1raUwbaQRIB7XnFz5ZC.jpg,"[27, 9648, 53]",646385,en,Scream,"Twenty-five years after a streak of brutal murders shocked the quiet town of Woodsboro, a new killer has donned the Ghostface mask and begins targeting a group of teenagers to resurrect secrets from the town’s deadly past.",452.342,/1m3W6cpgwuIyjtg5nSnPx7yFkXW.jpg,2022-01-12,Scream,False,6.7,2364
False,/tU3mnpFLOAp2Ia6vHvGIw8ewJQb.jpg,[10402],1041513,en,Encanto at the Hollywood Bowl,"A taped performance of the Encanto Live-to-Film Concert Experience at the Hollywood Bowl. The original cast puts on a miracle of a concert as they sing the favorite songs, accompanied by a full orchestra and 50 person ensemble, and the Hollywood Bowl transforms into Casita!",432.744,/sa3Ku5yNVjp8NloWxJoI9dQjvOi.jpg,2022-12-28,Encanto at the Hollywood Bowl,False,7.1,130
False,/hT9ZUwLN5tB2O7miBu1oIMJFqJT.jpg,"[12, 28, 878]",507086,en,Jurassic World Dominion,"Four years after the destruction of Isla Nublar, Biosyn operatives attempt to track down Maisie Lockwood, while Dr Ellie Sattler investigates a genetically engineered swarm of giant insects.",431.303,/kAVRgw7GgK1CfYEJq8ME6EvRIgU.jpg,2022-06-01,Jurassic World Dominion,False,6.9,4750
False,/4B6bYj7gr5wQBvQQhDwr6tzJyGR.jpg,"[10752, 18]",966220,uk,Снайпер. Білий ворон,"Mykola is an eccentric pacifist who wants to be useful to humanity. When the war begins at Donbass, Mykola’s naive world is collapsing as the militants kill his pregnant wife and burn his home to the ground. Recovered, he makes a cardinal decision and gets enlisted in a sniper company. Having met his wife’s killers, he emotionally breaks down and arranges “sniper terror” for the enemy. He’s saved from a senseless death by his instructor who himself gets mortally wounded. The death of a friend leaves a “scar” and Mykola is ready to sacrifice his life.",429.079,/295gZzTXMvuiIG0U19h4M44PXxI.jpg,2022-05-03,Sniper: The White Raven,False,7.6,366
False,/yEQqrW61rwNuVRHTjgHOAU4dXNE.jpg,"[28, 12, 10751, 35]",675353,en,Sonic the Hedgehog 2,"After settling in Green Hills, Sonic is eager to prove he has what it takes to be a true hero. His test comes when Dr. Robotnik returns, this time with a new partner, Knuckles, in search for an emerald that has the power to destroy civilizations. Sonic teams up with his own sidekick, Tails, and together they embark on a globe-trotting journey to find the emerald before it falls into the wrong hands.",426.614,/6DrHO1jr3qVrViUO6s6kFiAGM7.jpg,2022-04-08,Sonic the Hedgehog 2,False,7.6,3881
False,/jsoz1HlxczSuTx0mDl2h0lxy36l.jpg,"[14, 28, 35]",616037,en,Thor: Love and Thunder,"After his retirement is interrupted by Gorr the God Butcher, a galactic killer who seeks the extinction of the gods, Thor Odinson enlists the help of King Valkyrie, Korg, and ex-girlfriend Jane Foster, who now wields Mjolnir as the Mighty Thor. Together they embark upon a harrowing cosmic adventure to uncover the mystery of the God Butcher’s vengeance and stop him before it’s too late.",420.421,/pIkRyD18kl4FhoCNQuWxWu5cBLM.jpg,2022-07-06,Thor: Love and Thunder,False,6.6,5855
False,/xTsERrOCW15OIYl5aPX7Jbj38wu.jpg,"[28, 18, 36]",724495,en,The Woman King,"The story of the Agojie, the all-female unit of warriors who protected the African Kingdom of Dahomey in the 1800s with skills and a fierceness unlike anything the world has ever seen, and General Nanisca as she trains the next generation of recruits and readies them for battle against an enemy determined to destroy their way of life.",416.18,/438QXt1E3WJWb3PqNniK0tAE5c1.jpg,2022-09-16,The Woman King,False,7.8,1433
False,/kMZIMqEXO5MFd5Y1Ha2jZZF4pvF.jpg,"[27, 9648, 53]",882598,en,Smile,"After witnessing a bizarre, traumatic incident involving a patient, Dr. Rose Cotter starts experiencing frightening occurrences that she can't explain. As an overwhelming terror begins taking over her life, Rose must confront her troubling past in order to survive and escape her horrifying new reality.",412.43,/aPqcQwu4VGEewPhagWNncDbJ9Xp.jpg,2022-09-23,Smile,False,6.8,1959
False,/A2avUoNFstnBhAnHiogXQs4c9Bt.jpg,"[18, 27, 9648]",772515,es,Huesera,"Valeria's joy at becoming a first-time mother is quickly taken away when she's cursed by a sinister entity. As danger closes in, she's forced deeper into a chilling world of dark magic that threatens to consume her.",405.68,/zgpj76z9byUgcWnxLDmtZ3XqfvN.jpg,2023-02-10,Huesera: The Bone Woman,False,5.8,191
False,/nWs0auTqn2UaFGfTKtUE5tlTeBu.jpg,"[10751, 35, 14]",668482,en,Roald Dahl's Matilda the Musical,"An extraordinary young girl discovers her superpower and summons the remarkable courage, against all odds, to help others change their stories, whilst also taking charge of her own destiny. Standing up for what's right, she's met with miraculous results.",405.183,/ga8R3OiOMMgSvZ4cOj8x7prUNYZ.jpg,2022-11-25,Roald Dahl's Matilda the Musical,False,6.8,562
False,/oeBom7DLr85lixEkWOGmhCPEfuY.jpg,"[80, 18, 53]",842942,en,Bandit,"After escaping a Michigan prison, a charming career criminal assumes a new identity in Canada and goes on to rob a record 59 banks and jewellery stores while being hunted by a rogue task force. Based on the story of The Flying Bandit.",400.384,/yph9PAbmjYPvyvbeZvdYIhCZHEu.jpg,2022-09-23,Bandit,False,6.2,153
False,/bKWFetR4injOJXOGHeLuTD7wHI4.jpg,"[27, 53, 14]",994128,es,Viejos,"An octogenarian named Manuel falls into a state of dementia after the sudden suicide of his wife, sparking a series of paranormal events that will put his family’s lives at risk.",396.386,/88f35mGJOIE1nXgst5o4FvEDVzr.jpg,2023-04-21,The Elderly,False,5.5,2
False,/Aqldsq65Nj1KAkQD2MzkZsAk5N5.jpg,"[28, 80, 18, 53]",846433,en,The Enforcer,"A noir thriller set in Miami, the film follows an enforcer who discovers his femme fatale boss has branched out into cyber sex trafficking, putting a young runaway he’s befriended at risk. He sacrifices everything to save the young girl from the deadly organization he’s spent his life building.",396.151,/pXC8JJbfnRWtbD8i2yKFqqWEO4X.jpg,2022-09-22,The Enforcer,False,7.4,300
False,/cRdA9xjHBbobw4LJFsQ3j1CgpVq.jpg,[27],663712,en,Terrifier 2,"After being resurrected by a sinister entity, Art the Clown returns to Miles County where he must hunt down and destroy a teenage girl and her younger brother on Halloween night.  As the body count rises, the siblings fight to stay alive while uncovering the true nature of Art's evil intent.",390.07,/8gLhu8UFPZfH2Hv11JhTZkb9CVl.jpg,2022-10-06,Terrifier 2,False,6.9,1164
False,/dqTOcdf1ILtakesKUhBOutaIee3.jpg,"[16, 10749, 878]",874743,ja,僕が愛したすべての君へ,"While struggling to make friends after his parents’ divorce, Koyomi Takasaki meets Kazune Takigawa, but apparently, they already have. Kazune reveals that she’s from World Line 85, an alternate universe in which she and Koyomi are lovers. But in a reality where moving between dimensions is natural, could Koyomi be the one from another world?",388.79,/yl4WOrXTVFihtd6wcxpwkKD7xoP.jpg,2022-10-07,To Every You I've Loved Before,False,6.3,6
False,/vVpEOvdxVBP2aV166j5Xlvb5Cdc.jpg,"[28, 53, 80]",458156,en,John Wick: Chapter 3 - Parabellum,"Super-assassin John Wick returns with a $14 million price tag on his head and an army of bounty-hunting killers on his trail. After killing a member of the shadowy international assassin’s guild, the High Table, John Wick is excommunicado, but the world’s most ruthless hit men and women await his every turn.",384.587,/ziEuG1essDuWuC5lpWUaw1uXY2O.jpg,2019-05-15,John Wick: Chapter 3 - Parabellum,False,7.4,9126
False,/xPpXYnCWfjkt3zzE0dpCNME1pXF.jpg,"[16, 28, 12, 14, 53]",635302,ja,劇場版「鬼滅の刃」無限列車編,"Tanjiro Kamado, joined with Inosuke Hashibira, a boy raised by boars who wears a boar's head, and Zenitsu Agatsuma, a scared boy who reveals his true power when he sleeps, boards the Infinity Train on a new mission with the Fire Hashira, Kyojuro Rengoku, to defeat a demon who has been tormenting the people and killing the demon slayers who oppose it!",379.179,/h8Rb9gBr48ODIwYUttZNYeMWeUU.jpg,2020-10-16,Demon Slayer -Kimetsu no Yaiba- The Movie: Mugen Train,False,8.3,3065
False,/vXjpwkXPirBmgdEpIknfN8ziDD.jpg,"[16, 12, 14, 35]",947938,ru,Мальчик-дельфин,"When a plane crashes at sea, dolphins rescue a little boy and raise him as family. He lives a carefree life beneath the waves until an evil monster seizes power over the underwater world. The boy is banished to dry land, where a kind-hearted captain takes him in. With the captain’s help, the boy sets out on a journey to solve the mystery of his true identity.",378.503,/gISoDEiaUH9BNEunmLC7FgUVaia.jpg,2022-04-07,Dolphin Boy,False,6.6,54
False,/iKUwhA4DUxMcNKu5lLSbDFwwilk.jpg,"[14, 28, 12]",453395,en,Doctor Strange in the Multiverse of Madness,"Doctor Strange, with the help of mystical allies both old and new, traverses the mind-bending and dangerous alternate realities of the Multiverse to confront a mysterious new adversary.",376.338,/9Gtg2DzBhmYamXBS1hKAhiwbBKS.jpg,2022-05-04,Doctor Strange in the Multiverse of Madness,False,7.4,7351
False,/kmzppWh7ljL6K9fXW72bPN3gKwu.jpg,"[28, 35, 14, 80]",1013860,en,R.I.P.D. 2: Rise of the Damned,"When Sheriff Roy Pulsipher finds himself in the afterlife, he joins a special police force and returns to Earth to save humanity from the undead.",358.259,/g4yJTzMtOBUTAR2Qnmj8TYIcFVq.jpg,2022-11-15,R.I.P.D. 2: Rise of the Damned,False,6.6,457
False,/ubTGkxyRvYldfA0HjULNnEwEyM4.jpg,"[53, 27]",790409,es,El último hereje,"Juan Conte is a world-renowned spokesman of the new atheism. After suffering a heart attack, he receives a transplant and a change in his personal life begins, opening up to the possibility of being in a couple for the first time. Juan will go on a journey of horror and pain, in which his vision of reality will be put to the test.",357.659,/1j9B1iao0kqZnfSUqPadfXDdWNg.jpg,2022-11-09,The Last Heretic,False,5.6,18
False,/sBOenwOZGRN5nZZGw4TxwtnfrEf.jpg,"[28, 35, 80, 53]",899112,en,Violent Night,"When a team of mercenaries breaks into a wealthy family compound on Christmas Eve, taking everyone inside hostage, the team isn’t prepared for a surprise combatant: Santa Claus is on the grounds, and he’s about to show why this Nick is no saint.",357.324,/1XSYOP0JjjyMz1irihvWywro82r.jpg,2022-11-30,Violent Night,False,7.5,1393
False,/Xfn9eDOaZKSz5W3PRoJI928I9c.jpg,"[28, 12, 36, 18]",875104,zh,叶问宗师觉醒,"When a young Master Ip stops a kidnapping, he ignites a turf war with a ruthless human trafficking ring. In retaliation, the gang kidnaps one of Ip Man’s close friends, forcing him to face the group’s brutal boxing champion head-on.",354.733,/A7vhdyGrpPMKXsuFBZzxmave94F.jpg,2023-03-24,Ip Man: The Awakening,False,4.8,6
False,/5pMy5LF2JAleBNBtuzizfCMWM7k.jpg,"[10752, 36, 18]",653851,en,Devotion,The harrowing true story of two elite US Navy fighter pilots during the Korean War. Their heroic sacrifices would ultimately make them the Navy's most celebrated wingmen.,350.588,/26yQPXymbWeCLKwcmyL8dRjAzth.jpg,2022-11-23,Devotion,False,7.3,447
False,/9j0V8Fw5u4cv9cESUXUmTGmpXU5.jpg,"[16, 10751, 35]",1058732,en,The Simpsons Meet the Bocellis in Feliz Navidad,"This Christmas, Homer surprises Marge with the ultimate gift: an unforgettable performance from Italian opera superstar Andrea Bocelli and his children Matteo and Virginia.",348.542,/9rJFKvYvSyQ3HoTl1gcU55FOzYi.jpg,2022-12-15,The Simpsons Meet the Bocellis in Feliz Navidad,False,5.2,35
False,/90ZZIoWQLLEXSVm0ik3eEQBinul.jpg,"[28, 27, 53]",988233,en,Hex,"Following a mysterious disappearance on a jump, a group of skydivers experiences paranormal occurrences that leave them fighting for their lives.",348.139,/mFukGiFZaVYoXIR8nrE95LlfbHG.jpg,2022-11-01,Hex,False,6.1,64
False,/xnAi4BRoO3ZQ3wwxGn6UNoxQzDq.jpg,"[80, 28]",823999,it,Diabolik - Ginko all'attacco!,"Diabolik nearly gets caught in Inspector Ginko's latest trap, leaving his partner in crime Eva Kant behind in the escape. Furious, Eva offers Ginko her help in capturing the King of Terror, but the former has to face the return of an old flame of his.",346.88,/8QVbWBv94BAT9u1q9uJccwOxMzt.jpg,2022-11-17,Diabolik - Ginko Attacks,False,5.9,239
False,/ceYZCBfwbBwSpGJ6PapNVw5jqLG.jpg,"[16, 18, 12, 14]",916224,ja,すずめの戸締まり,"Suzume, 17, lost her mother as a little girl. On her way to school, she meets a mysterious young man. But her curiosity unleashes a calamity that endangers the entire population of Japan, and so Suzume embarks on a journey to set things right.",340.711,/vIeu8WysZrTSFb2uhPViKjX9EcC.jpg,2022-11-11,Suzume,False,7.9,253
False,/r17jFHAemzcWPPtoO0UxjIX0xas.jpg,"[28, 53, 80]",324552,en,John Wick: Chapter 2,"John Wick is forced out of retirement by a former associate looking to seize control of a shadowy international assassins’ guild. Bound by a blood oath to aid him, Wick travels to Rome and does battle against some of the world’s most dangerous killers.",340.529,/hXWBc0ioZP3cN4zCu6SN3YHXZVO.jpg,2017-02-08,John Wick: Chapter 2,False,7.3,11428
False,/maxRhndtC4BJABvqRPvYNu69CHA.jpg,"[28, 18, 36]",551271,en,Medieval,The story of 14th century Czech icon and warlord Jan Zizka who defeated armies of the Teutonic Order and the Holy Roman Empire.,338.882,/eeUNWsdoiOijOZAMaWFDA5Pb1n8.jpg,2022-09-08,Medieval,False,7.2,367
False,/mqsPyyeDCBAghXyjbw4TfEYwljw.jpg,"[18, 10752, 36]",49046,de,Im Westen nichts Neues,"Paul Baumer and his friends Albert and Muller, egged on by romantic dreams of heroism, voluntarily enlist in the German army. Full of excitement and patriotic fervour, the boys enthusiastically march into a war they believe in. But once on the Western Front, they discover the soul-destroying horror of World War I.",338.002,/2IRjbi9cADuDMKmHdLK7LaqQDKA.jpg,2022-10-07,All Quiet on the Western Front,False,7.8,2605
False,/8c9c4xg0IdXDg627uQF35K54VpC.jpg,"[10749, 35]",800301,en,What's Love Got to Do with It?,Two childhood friends now in their thirties must decide whether to follow their heads or their hearts once the man decides to follow his parents' advice and enter into an arranged marriage in Pakistan.,337.252,/14fGGPAL5PQxuesjO4CFoDJEH5G.jpg,2023-01-26,What's Love Got to Do with It?,False,6.5,46
False,/yswml0UPEVFCVc3GJ1PF2BNyaNs.jpg,"[16, 10749, 878]",874745,ja,Kimi wo Aishita Hitori no Boku e,"Koyomi Hidaka and Shiori Sato meet at his father’s research center and begin to fall in love, but so do their parents, who eventually marry. To avoid becoming stepsiblings, they decide to run away to a parallel universe. Traveling between dimensions is common in their world, but not without repercussions. Does a universe exist for the young couple, and what will it cost them to find it?",336.526,/gt7kD8MjObtgQYH130pZiLTN0qx.jpg,2022-10-07,"To Me, the One Who Loved You",False,5.7,6
False,/46FRuCeAn6TrS4F1P4F9zhyCpyo.jpg,[18],785084,en,The Whale,A reclusive English teacher suffering from severe obesity attempts to reconnect with his estranged teenage daughter for one last chance at redemption.,336.12,/jQ0gylJMxWSL490sy0RrPj1Lj7e.jpg,2022-12-09,The Whale,False,8.1,2149
False,/b0PlSFdDwbyK0cf5RxwDpaOJQvQ.jpg,"[80, 9648, 53]",414906,en,The Batman,"In his second year of fighting crime, Batman uncovers corruption in Gotham City that connects to his own family while facing a serial killer known as the Riddler.",335.54,/74xTEgt7R36Fpooo50r9T25onhq.jpg,2022-03-01,The Batman,False,7.7,7873
False,/isGINC82PZmMblEJP2rBAvSlX37.jpg,"[16, 10751, 12, 35]",599019,ru,Большое путешествие. Специальная доставка,"It has been a year since Mic Mic and Oscar returned from their incredible adventure. And now, after a diabolical plan by Vulture to sabotage the delivery of the Grizzly cub to his opponent in the American presidential elections, Mic Mic, Oscar, Panda teenager and Stork set off on another great adventure as they ride a zeppelin to return little Grizzly to its rightful parents and save the American elections and the whole continent from an erupting volcano.",328.456,/dabXVfrAFfhDte8XVemom3mTJog.jpg,2022-10-07,Big Trip 2: Special Delivery,False,6.6,62
False,/etP5jwlwvkNhwe7jnI2AyA6ZKrR.jpg,"[878, 27]",575322,en,Звёздный разум,"After depleting Earth's resources for centuries, humankind's survival requires an exodus to outer space. An international expedition is quickly formed to find a suitable new planet, but when plans go awry, the crew is suddenly stranded without power on a strange planet, where something unimaginable lies in wait.",327.767,/rFljUdOozFEv6HDHIFpFvcYW0ec.jpg,2022-01-06,Project Gemini,False,5.8,317
False,/e782pDRAlu4BG0ahd777n8zfPzZ.jpg,"[16, 14, 18, 10402]",555604,en,Guillermo del Toro's Pinocchio,"During the rise of fascism in Mussolini's Italy, a wooden boy brought magically to life struggles to live up to his father's expectations.",326.352,/vx1u0uwxdlhV2MUzj4VlcMB0N6m.jpg,2022-11-09,Guillermo del Toro's Pinocchio,False,8.2,2225
False,/qdFrqXYH6PtyAVlegub7bpoSgro.jpg,"[16, 12, 35, 10751]",573171,es,Huevitos Congelados,"Follow the adventures of Toto and his family, who will have to travel to the South Pole to fulfill their promise to return a polar bear and some Spanish penguins to their home. In order to fulfill the promise, they will have to overcome some obstacles that will teach them how important teamwork is.",325.435,/d7i9UXE7IfPx2uYtYKzgjs6zYzR.jpg,2022-12-14,A Frozen Rooster,False,7.8,274
False,/32GH8Mi4GmTPIQyd6IW1FFrHWrj.jpg,[28],965839,en,Lord of the Streets,"When Jason Dyson refuses to make his prized fighter throw an MMA match, a notorious gangster collects his debt by killing the fighter and kidnapping Jason's daughter. Now he must train a prisoner to endure five consecutive underground fights to save her.",323.302,/n9YWVQRc0zw0nwrFcOkOpffZxjc.jpg,2022-04-22,Lord of the Streets,False,5.3,62
False,/9irF0UfKK45ZHyE7p3aTiTVfoMw.jpg,"[9648, 53, 27]",782936,en,Nocebo,"A fashion designer hires a nanny from the Philippines to assist her in caring for her family while she is suffering from what she believes is a tick-related illness. The nanny uses traditional Filipino folk healing techniques to help her, but in the process of doing so, she uncovers a horrifying truth about why she is there and why her employer is actually sick.",320.143,/3FPnDTlX0LsaU4VD5mc82BMbchA.jpg,2022-11-03,Nocebo,False,6.2,73
False,/sKvQUSyqsFq8e1ts6oo3Xp3dPH2.jpg,"[16, 12, 35, 14]",585511,en,Luck,"Suddenly finding herself in the never-before-seen Land of Luck, the unluckiest person in the world must unite with the magical creatures there to turn her luck around.",310.933,/1HOYvwGFioUFL58UVvDRG6beEDm.jpg,2022-08-05,Luck,False,7.9,1241
False,/v2LilmCylr3bL9TCZSj6syjowZh.jpg,"[35, 18]",937278,en,A Man Called Otto,"When a lively young family moves in next door, grumpy widower Otto Anderson meets his match in a quick-witted, pregnant woman named Marisol, leading to an unlikely friendship that turns his world upside down.",310.377,/130H1gap9lFfiTF9iDrqNIkFvC9.jpg,2022-12-28,A Man Called Otto,False,7.9,1092
False,/iU02yC9tkeAo3WVpDgTSNyhFslI.jpg,[35],767401,en,1Up,"After Valerie Lee quits her college esports team, she quickly realizes that her decision comes at the cost of her scholarship. Valerie soon discovers a loophole to save her collegiate future, if she can find a coach and assemble a whole new varsity-caliber team capable of reaching the State Finals.",301.156,/kqhLjoz3FGywYXUNTCPItfDY2N8.jpg,2022-07-15,1Up,False,5.3,23
False,/b1L7qevxiVpkVFq4dmdQPGFPWH0.jpg,[27],836225,en,The Exorcism of God,"An American priest working in Mexico is considered a saint by many local parishioners. However, due to a botched exorcism, he carries a secret that’s eating him alive until he gets an opportunity to face his demon one final time.",300.42,/9X9wKbF0ED1AQpgIkvq0MG4Y4wi.jpg,2022-03-11,The Exorcism of God,False,7.2,813
False,/vL5LR6WdxWPjLPFRLe133jXWsh5.jpg,"[28, 12, 14, 878]",19995,en,Avatar,"In the 22nd century, a paraplegic Marine is dispatched to the moon Pandora on a unique mission, but becomes torn between following orders and protecting an alien civilization.",294.689,/jRXYjXNq0Cs2TcJjLkki24MLp7u.jpg,2009-12-15,Avatar,False,7.6,29007
False,/pr5B7Hb7711QQDirAyS5P7fKjts.jpg,"[53, 28, 27, 12]",760741,en,Beast,"A recently widowed man and his two teenage daughters travel to a game reserve in South Africa. However, their journey of healing soon turns into a fight for survival when a bloodthirsty lion starts to stalk them.",294.04,/f18rGcLlawKjNC5KRh36S0mvRlY.jpg,2022-08-11,Beast,False,6.8,1082
